Domain,Value
NameLifestyle.com,1435
LifestyleHead.com,1374
RateLifestyle.com,1311
LifestyleParts.com,2113
PortalLifestyle.com,1282
ScoreLifestyle.com,1
NorthLifestyle.com,1331
LifestyleLoad.com,1227
ContactLifestyle.com,1187
SideLifestyle.com,1323
PanelLifestyle.com,1201
SendLifestyle.com,1265
DrinkLifestyle.com,1324
LifestyleVote.com,1292
LifestyleSure.com,1471
LifestyleRay.com,1240
LifestyleRegister.com,1186
LifestyleWind.com,1323
LifestyleSong.com,1262
LifestyleRace.com,1424
LifestyleDir.com,1133
PeerLifestyle.com,1215
LifestyleSend.com,1264
StateLifestyle.com,1437
PartnerLifestyle.com,1143
CommerceLifestyle.com,1229
ClientLifestyle.com,1256
LifestyleVid.com,1117
LifestyleTower.com,1316
LifestyleProxy.com,1046
LifestyleBell.com,1243
FrontLifestyle.com,1448
LifestyleBeta.com,1165
LifestyleChip.com,1237
LifestyleWing.com,1210
LifestyleRain.com,1196
ProfileLifestyle.com,1230
LifestyleNode.com,1177
LifestyleStyles.com,1330
LifestyleClear.com,1423
LifestyleHand.com,1
LifestyleWide.com,1368
LifestyleTemplates.com,14
LifestyleSpider.com,1132
CompareLifestyle.com,1482
LifestyleBeam.com,1216
BrickLifestyle.com,1176
KindleLifestyle.com,1181
SignalLifestyle.com,1286
LifestylePatrol.com,1330
StrategyLifestyle.com,1186
LifestyleSpan.com,1373
LifestyleHope.com,1279
LifestylePit.com,1320
LifestyleDisk.com,1174
LifestyleOpolis.com,247
LifestyleStick.com,1303
LifestylePing.com,1228
LifestyleGrade.com,1221
LifestyleHeat.com,1233
SlideLifestyle.com,1214
LifestyleCache.com,1083
LifestyleLetter.com,1228
LifestyleSonic.com,1201
LifestyleMachines.com,1218
LifestyleFolder.com,1073
ForestLifestyle.com,1267
LifestyleScribe.com,1458
LifestyleDownloads.com,1067
LifestyleClient.com,1171
LifestyleOver.com,1420
LifestyleRex.com,1117
LifestyleSteel.com,1470
LifestyleDuck.com,1331
LifestyleSpecials.com,1166
LifestyleFeedback.com,1056
LifestyleKiss.com,1170
LifestyleApplications.com,1182
LifestyleResponse.com,1298
ProcessLifestyle.com,1166
LifestyleSplash.com,1219
LifestyleStamp.com,1090
LifestyleFlux.com,1232
LifestyleQuestions.com,1121
LifestyleMessenger.com,1
ManagementLifestyle.com,1289
LifestyleStreams.com,1193
ZebraLifestyle.com,1143
LifestylePrize.com,1273
LifestyleGrab.com,1156
LifestyleGreat.com,1455
BlastLifestyle.com,1234
LifestyleBattle.com,1292
LifestyleOrama.com,1028
LifestyleDraw.com,1144
LifestylePunch.com,1163
LifestyleAnalyst.com,1134
LifestyleSlide.com,1228
LifestyleDevil.com,1152
RallyLifestyle.com,1176
LifestyleVest.com,1332
SurfaceLifestyle.com,1252
ShockLifestyle.com,1322
LifestyleFortune.com,1215
LifestyleSugar.com,1268
TechnicalLifestyle.com,1228
LifestyleShock.com,1251
TreasureLifestyle.com,1190
LifestyleSharp.com,1255
LifestyleRequest.com,1135
LifestyleSyndicate.com,1281
LifestyleEcho.com,1232
LifestyleRail.com,1262
DeliveryLifestyle.com,1142
ProductionLifestyle.com,1088
GatorLifestyle.com,1359
LifestylePreview.com,1104
SeriousLifestyle.com,1301
WelcomeLifestyle.com,1428
LifestyleStreaming.com,1150
ShellLifestyle.com,1332
ProgramLifestyle.com,1243
LifestyleVector.com,1148
LifestyleCollector.com,1088
LifestyleBrite.com,1136
EconoLifestyle.com,1137
ContractLifestyle.com,1136
LifestyleEagle.com,1296
MagnetLifestyle.com,1153
LifestyleCrawler.com,1025
LightningLifestyle.com,1182
LifestyleMarker.com,1157
StealthLifestyle.com,1278
HeavyLifestyle.com,1376
CornerLifestyle.com,1243
LifestyleSlate.com,1182
LifestyleBasic.com,1227
MercuryLifestyle.com,1136
LifestyleMaze.com,1128
AdvisorLifestyle.com,1249
TraceLifestyle.com,1459
LifestyleSweet.com,1373
LifestyleSearcher.com,1121
LifestyleSpotter.com,1164
GroundLifestyle.com,1313
CoralLifestyle.com,1331
SketchLifestyle.com,1152
ConsultLifestyle.com,1184
KeywordLifestyle.com,1173
LifestyleMiner.com,1253
ConnectionLifestyle.com,1165
FabricLifestyle.com,1183
LifestyleCyber.com,1226
LifestyleVisit.com,1443
LifestyleMega.com,1227
ScopeLifestyle.com,1241
LifestyleExcel.com,1189
PenguinLifestyle.com,1122
BroadcastLifestyle.com,1138
LifestyleStrike.com,1232
LifestyleReps.com,1120
ObjectLifestyle.com,1
LifestyleHard.com,1312
LifestyleSmash.com,1171
LifestyleTitle.com,1508
LifestyleBlaze.com,1198
LifestyleSwift.com,1188
LifestyleEscape.com,1420
AlliedLifestyle.com,1317
JournalLifestyle.com,1275
GuardLifestyle.com,1372
LifestyleKnight.com,1132
TransportLifestyle.com,1145
StampLifestyle.com,1148
LifestyleHands.com,1178
FlameLifestyle.com,1161
TenderLifestyle.com,1314
RedhotLifestyle.com,1120
LifestyleBelt.com,1235
LifestyleElf.com,1121
HammerLifestyle.com,1203
MainstreetLifestyle.com,1085
EuropaLifestyle.com,1378
LifestyleSpotting.com,1105
LifestyleOftheday.com,1069
FlavorLifestyle.com,1263
LifestyleKite.com,1143
LifestyleRanger.com,1114
LifestyleSolo.com,1174
HippoLifestyle.com,1126
ClusterLifestyle.com,1188
GraniteLifestyle.com,1165
LifestyleSprint.com,1103
LifestyleGrabber.com,1098
CobraLifestyle.com,1210
TransitLifestyle.com,1137
FetchLifestyle.com,1253
BeaconLifestyle.com,1251
ToughLifestyle.com,1340
ProntoLifestyle.com,1152
CandleLifestyle.com,1168
ZippyLifestyle.com,1164
ConstantLifestyle.com,1397
SightLifestyle.com,1319
LifestyleIndustrial.com,1359
VersaLifestyle.com,1294
RollingLifestyle.com,1206
CivilLifestyle.com,1244
MonitorLifestyle.com,1164
CrimsonLifestyle.com,1260
LifestyleDept.com,1169
LifestyleGenesis.com,1094
LifestyleMuscle.com,1233
FederalLifestyle.com,1356
BlackjackLifestyle.com,742
PhantomLifestyle.com,1166
CanalLifestyle.com,1204
CivicLifestyle.com,1362
LifestyleNano.com,1204
LocateLifestyle.com,1237
SlateLifestyle.com,1198
LifestyleTrivia.com,1122
BulletLifestyle.com,1182
DecisionLifestyle.com,1165
LifestyleFrontier.com,1164
LifestylePicker.com,1162
DatabaseLifestyle.com,1210
FormulaLifestyle.com,1147
LifestyleSession.com,1212
MutualLifestyle.com,1452
LifestyleSignals.com,1297
LifestyleDelta.com,1206
EclipseLifestyle.com,1169
CollectionLifestyle.com,1091
SkylineLifestyle.com,1163
GammaLifestyle.com,1206
LifestyleCrown.com,1281
LifestyleDiscover.com,1375
LifestyleTurbo.com,1143
LifestyleSeekers.com,1239
ChemicalLifestyle.com,1296
ParagonLifestyle.com,1364
SeasonLifestyle.com,1161
TogetherLifestyle.com,1295
LifestyleMeta.com,1364
LifestylePeek.com,1164
RomanLifestyle.com,1084
EmotionLifestyle.com,1197
PentaLifestyle.com,1230
LifestyleSample.com,1139
ViperLifestyle.com,1130
CraneLifestyle.com,1072
LifestyleSells.com,1232
TimberLifestyle.com,1145
LifestyleDraft.com,1172
BuildersLifestyle.com,1130
LifestylePersonal.com,1416
LifestyleSection.com,1427
LifestyleComparison.com,1039
LifestyleTitan.com,1245
WarehouseLifestyle.com,1228
BookmarkLifestyle.com,1
ApplicationLifestyle.com,1113
LifestyleShadow.com,1218
LifestyleFaqs.com,1172
DharmaLifestyle.com,1099
StrikeLifestyle.com,1205
LifestyleJewel.com,1115
SystemsLifestyle.com,1227
PlasmaLifestyle.com,1166
PlatformLifestyle.com,1285
CommunicationLifestyle.com,1059
FocalLifestyle.com,1248
LifestyleIron.com,1298
FiestaLifestyle.com,1117
LifestyleClone.com,1106
LifestyleFiesta.com,1145
SemanticLifestyle.com,1185
LifestyleCrystal.com,1180
TriggerLifestyle.com,1195
BrotherLifestyle.com,1127
ChamberLifestyle.com,1127
ReputationLifestyle.com,1166
RiversideLifestyle.com,1648
ThermalLifestyle.com,1339
FireflyLifestyle.com,1133
ChanceLifestyle.com,1191
FosterLifestyle.com,1084
LifestyleApex.com,1233
LifestyleShared.com,1182
LifestyleBrowse.com,1275
BeginLifestyle.com,1163
SiriusLifestyle.com,1209
CrunchLifestyle.com,1246
GalacticLifestyle.com,1232
FridayLifestyle.com,1451
AppliedLifestyle.com,1328
UmbrellaLifestyle.com,1517
CornerstoneLifestyle.com,1180
ShakeLifestyle.com,1208
PatternLifestyle.com,1168
GuildLifestyle.com,1155
CarrierLifestyle.com,1140
MavenLifestyle.com,1223
LifestyleMatcher.com,1092
ToptenLifestyle.com,1081
ElasticLifestyle.com,1255
HoverLifestyle.com,1222
ImpulseLifestyle.com,1117
LifestyleCentury.com,1150
ArborLifestyle.com,1232
UniteLifestyle.com,1197
GothamLifestyle.com,1167
SpikeLifestyle.com,1132
LifestyleArrow.com,1253
LifestyleDestiny.com,1070
JokerLifestyle.com,1119
CometLifestyle.com,1226
LifestyleLucky.com,1248
LessLifestyle.com,1358
LifestyleBounce.com,1142
NewtonLifestyle.com,997
SpectraLifestyle.com,1222
NorthstarLifestyle.com,1084
ImaginationLifestyle.com,1023
SphereLifestyle.com,1420
ShadeLifestyle.com,1164
UnitedstatesLifestyle.com,1238
TwilightLifestyle.com,1084
NationwideLifestyle.com,1285
OnsiteLifestyle.com,1123
AtlantisLifestyle.com,1113
ResponseLifestyle.com,1117
ComplianceLifestyle.com,1108
PackageLifestyle.com,1176
FountainLifestyle.com,1092
RequestLifestyle.com,1159
LifestyleGlory.com,1202
FactorLifestyle.com,1263
ProofLifestyle.com,1198
SliceLifestyle.com,1119
SwarmLifestyle.com,1248
UrgentLifestyle.com,1501
SwipeLifestyle.com,1218
MaterialLifestyle.com,1152
LifestyleCrafter.com,1065
MetricLifestyle.com,1291
LifestyleSleuth.com,1174
PerpetualLifestyle.com,1303
WorldclassLifestyle.com,1433
AnytimeLifestyle.com,1301
LifestyleSmarter.com,1131
HandmadeLifestyle.com,1163
IntegraLifestyle.com,1482
CanaryLifestyle.com,1176
LifestyleRapid.com,1353
LifestyleSelector.com,1105
LifestyleMiracle.com,1227
CompactLifestyle.com,1328
LogisticsLifestyle.com,1194
BillionLifestyle.com,1219
LifestyleClever.com,1139
MarksLifestyle.com,1150
EscrowLifestyle.com,1182
CupcakeLifestyle.com,1028
VioletLifestyle.com,1133
LifestyleExplosion.com,1097
StadiumLifestyle.com,1246
CharacterLifestyle.com,1347
CamelLifestyle.com,1224
DetailLifestyle.com,1165
FractalLifestyle.com,1159
DiabloLifestyle.com,1078
InventionLifestyle.com,1106
LifestyleThunder.com,1198
AgendaLifestyle.com,1098
OndemandLifestyle.com,1155
LifestyleOriginal.com,1340
LifestyleVital.com,1288
LifestyleBullet.com,1124
BlackboxLifestyle.com,1055
UniformLifestyle.com,1125
TetraLifestyle.com,1271
RelayLifestyle.com,1141
AllamericanLifestyle.com,1133
MixedLifestyle.com,1287
LifestyleIntro.com,1093
LifestyleFlavor.com,1416
SaturnLifestyle.com,1120
SkullLifestyle.com,1090
LifestyleSilk.com,1289
LimitedLifestyle.com,1329
AssociationLifestyle.com,1170
GreenlightLifestyle.com,1111
ReleaseLifestyle.com,1268
CheapestLifestyle.com,1150
LifestyleAlways.com,1291
HomepageLifestyle.com,991
NumberoneLifestyle.com,1190
RationalLifestyle.com,1222
LifestyleOmega.com,1222
LifestyleHybrid.com,1199
GratisLifestyle.com,1213
BestpriceLifestyle.com,1043
StratoLifestyle.com,1119
LifestyleBad.com,1258
TsunamiLifestyle.com,1082
StarterLifestyle.com,1135
EnigmaLifestyle.com,1160
MagentoLifestyle.com,1076
SuperfastLifestyle.com,1104
ApplianceLifestyle.com,1048
OutlookLifestyle.com,1137
LifestyleVortex.com,1188
WildlifeLifestyle.com,1112
MoonlightLifestyle.com,1083
MediumLifestyle.com,1185
AbacusLifestyle.com,1187
MarshallLifestyle.com,987
LifestyleAero.com,1201
LifestyleRhino.com,1180
MeterLifestyle.com,1218
LifestyleAnchor.com,1209
DiverseLifestyle.com,1897
LifestyleLast.com,1318
PinpointLifestyle.com,1125
SectorLifestyle.com,1218
ForteLifestyle.com,1258
FrontlineLifestyle.com,1085
PolarisLifestyle.com,1201
SaharaLifestyle.com,1152
DepotLifestyle.com,1230
StarlightLifestyle.com,1059
FeatherLifestyle.com,1127
SwordLifestyle.com,1126
FidelityLifestyle.com,1357
PelicanLifestyle.com,1222
AnalyticsLifestyle.com,1191
ResultLifestyle.com,1211
SurgeLifestyle.com,1
LifestyleHandy.com,1223
StreamlineLifestyle.com,1120
ZodiacLifestyle.com,1
TridentLifestyle.com,1209
MergeLifestyle.com,1248
BigappleLifestyle.com,1105
LifestylePickup.com,1134
PromiseLifestyle.com,1139
AutumnLifestyle.com,1023
ScribeLifestyle.com,1158
RangerLifestyle.com,1152
ProtectionLifestyle.com,1209
BoomerangLifestyle.com,1151
InitialLifestyle.com,1379
SmashingLifestyle.com,1102
LifestyleSoldier.com,1127
HelixLifestyle.com,1261
OctopusLifestyle.com,2393
OuterLifestyle.com,1178
IntenseLifestyle.com,1244
ContextLifestyle.com,1123
LanceLifestyle.com,1082
GraduateLifestyle.com,1184
SustainLifestyle.com,1312
CoyoteLifestyle.com,1099
ClearwaterLifestyle.com,1039
ElectraLifestyle.com,1132
MultipleLifestyle.com,1213
OpenhouseLifestyle.com,1047
RadiusLifestyle.com,1195
MeasureLifestyle.com,1207
ArcherLifestyle.com,1076
BigblueLifestyle.com,943
PipelineLifestyle.com,1147
ClearanceLifestyle.com,1064
RegionLifestyle.com,1121
LifestylePronto.com,1097
PresentationLifestyle.com,1048
IndependenceLifestyle.com,1033
MechanicalLifestyle.com,1189
LifestyleRazor.com,1186
EnableLifestyle.com,1279
LifestyleAtlantic.com,1270
ImmediateLifestyle.com,1304
JumpstartLifestyle.com,1072
CirrusLifestyle.com,1207
CelestialLifestyle.com,1154
EinsteinLifestyle.com,1048
OrchardLifestyle.com,1138
LowpriceLifestyle.com,1017
PartnersLifestyle.com,1249
CorporationLifestyle.com,1270
ShamrockLifestyle.com,1097
MomentLifestyle.com,1168
FasttrackLifestyle.com,1049
GuerillaLifestyle.com,1305
DimensionLifestyle.com,1126
PraxisLifestyle.com,1107
BabylonLifestyle.com,996
ActivateLifestyle.com,1216
SniperLifestyle.com,1144
GlideLifestyle.com,1255
CannonLifestyle.com,1092
GiftedLifestyle.com,1233
MarchLifestyle.com,1134
EmergingLifestyle.com,1307
LifestyleFeature.com,1133
BaronLifestyle.com,1109
SandboxLifestyle.com,1070
NationsLifestyle.com,1267
IntrepidLifestyle.com,1283
PlumbLifestyle.com,1122
HighspeedLifestyle.com,1084
InterfaceLifestyle.com,1181
NeuralLifestyle.com,1333
CellarLifestyle.com,1185
LifestyleGecko.com,1081
BoosterLifestyle.com,1194
BurstLifestyle.com,1260
BluebirdLifestyle.com,1199
LifestylePlum.com,1135
YankeeLifestyle.com,1104
GoodlifeLifestyle.com,1077
SentinelLifestyle.com,1206
BluechipLifestyle.com,1168
LifestyleJoker.com,1247
BlackhatLifestyle.com,986
ForecastLifestyle.com,1214
ValveLifestyle.com,1186
ReconLifestyle.com,1107
NorthamericanLifestyle.com,1290
LinearLifestyle.com,1232
InteractLifestyle.com,1153
LifestyleQuantum.com,1178
SymphonyLifestyle.com,1110
WorkforceLifestyle.com,1320
DynamicsLifestyle.com,1164
ReallifeLifestyle.com,1119
CrossroadsLifestyle.com,1063
WestendLifestyle.com,1068
CourierLifestyle.com,1065
ConstructLifestyle.com,1068
ScorpionLifestyle.com,1098
LifestyleSparkle.com,1126
CognitiveLifestyle.com,1297
ChameleonLifestyle.com,1162
RainforestLifestyle.com,1187
CitizensLifestyle.com,1177
QuakeLifestyle.com,1150
OrigamiLifestyle.com,1062
SaberLifestyle.com,1149
RespectLifestyle.com,1316
AegisLifestyle.com,1263
LifestyleLightning.com,1115
StratusLifestyle.com,1174
OutlawLifestyle.com,1111
CheetahLifestyle.com,1141
PiperLifestyle.com,999
LifestyleBold.com,1303
ValorLifestyle.com,1213
LifestyleDowntown.com,1276
GuessLifestyle.com,1186
PetraLifestyle.com,967
StructureLifestyle.com,1222
BackstageLifestyle.com,1110
LifestyleCurious.com,1105
BluemoonLifestyle.com,1205
HalfpriceLifestyle.com,661
AllproLifestyle.com,1194
CommonwealthLifestyle.com,1428
FlareLifestyle.com,1281
SilvaLifestyle.com,1041
LifestyleRaven.com,1068
AssureLifestyle.com,1303
HyperionLifestyle.com,1160
LifestyleAnonymous.com,1181
BriskLifestyle.com,1197
PhaseLifestyle.com,1192
LifestyleAfter.com,1389
WhitehouseLifestyle.com,1191
SalvageLifestyle.com,1
EpochLifestyle.com,1165
ClearlyLifestyle.com,1131
LifestyleSigma.com,1292
MatterLifestyle.com,1317
OvernightLifestyle.com,1089
LifestyleInfinite.com,1213
PermanentLifestyle.com,1566
LifelineLifestyle.com,1090
IntellectualLifestyle.com,1218
SalmonLifestyle.com,1127
NextdayLifestyle.com,1236
RivercityLifestyle.com,1114
GrizzlyLifestyle.com,1120
BluestarLifestyle.com,1054
HeadlineLifestyle.com,1129
ConfidentLifestyle.com,1243
SentryLifestyle.com,1186
CaptiveLifestyle.com,1297
AliasLifestyle.com,1130
ExtendLifestyle.com,1
InterstateLifestyle.com,1151
BlenderLifestyle.com,1069
OnetouchLifestyle.com,1029
LifestyleImagine.com,1251
LifestyleAgile.com,1231
SolarisLifestyle.com,1118
SnapshotLifestyle.com,1091
HandsomeLifestyle.com,1116
DynamoLifestyle.com,1125
ProwebLifestyle.com,720
SkilledLifestyle.com,1271
LifestyleJust.com,1433
BatchLifestyle.com,1348
OptimusLifestyle.com,1175
AriesLifestyle.com,1130
ResponsibleLifestyle.com,1232
EquinoxLifestyle.com,1186
NewcastleLifestyle.com,989
CollageLifestyle.com,1018
TheoryLifestyle.com,1167
BigfootLifestyle.com,1048
CogentLifestyle.com,1273
PeacockLifestyle.com,1049
MeteorLifestyle.com,1139
LifestyleLittle.com,1228
ExpandLifestyle.com,1276
TunnelLifestyle.com,1153
CompanionLifestyle.com,1152
TomorrowsLifestyle.com,1167
InboundLifestyle.com,1127
ConventionLifestyle.com,1049
ObjectiveLifestyle.com,1309
AssuranceLifestyle.com,1205
HawkeyeLifestyle.com,1094
ExpeditionLifestyle.com,1079
FringeLifestyle.com,1143
VoyagerLifestyle.com,1146
SunlightLifestyle.com,1077
ReasonLifestyle.com,1113
ExtendedLifestyle.com,1307
GeneratorLifestyle.com,1151
SpearLifestyle.com,1176
SynapseLifestyle.com,1042
OnesourceLifestyle.com,1044
PlentyLifestyle.com,1196
FreewayLifestyle.com,1115
MainstreamLifestyle.com,1120
LightspeedLifestyle.com,987
TorqueLifestyle.com,1143
RechargeLifestyle.com,1150
LifestyleStrategic.com,1360
ServoLifestyle.com,1219
IgnitionLifestyle.com,1138
AssociatedLifestyle.com,1176
OntimeLifestyle.com,1230
ArielLifestyle.com,
ReservationLifestyle.com,1043
ParadoxLifestyle.com,1137
AlloyLifestyle.com,1266
LifestyleViking.com,1214
LifestyleIndependent.com,1
InstrumentLifestyle.com,1079
BestdealLifestyle.com,1047
ImportantLifestyle.com,1328
ForbiddenLifestyle.com,1290
ProtocolLifestyle.com,1062
StreetsmartLifestyle.com,1021
CompeteLifestyle.com,1151
ConfidentialLifestyle.com,1227
CommunicationsLifestyle.com,1057
CanopyLifestyle.com,1369
FireworksLifestyle.com,937
SequoiaLifestyle.com,1179
StandupLifestyle.com,1196
ProposalLifestyle.com,16
ShotgunLifestyle.com,1053
AheadLifestyle.com,1283
RevelationLifestyle.com,1021
ProductivityLifestyle.com,1104
HomelandLifestyle.com,1072
ComponentLifestyle.com,1090
SirenLifestyle.com,1153
VestaLifestyle.com,1108
LifestyleScrapbook.com,973
NebulaLifestyle.com,1182
ArgentLifestyle.com,1139
CollaborationLifestyle.com,1073
AvalancheLifestyle.com,1027
NavigatorLifestyle.com,1147
ImpressionLifestyle.com,11
YukonLifestyle.com,1055
BottomlineLifestyle.com,1043
AssociateLifestyle.com,1085
RetinaLifestyle.com,1162
AdmiralLifestyle.com,1126
ColdfusionLifestyle.com,1049
RedstarLifestyle.com,1012
HappyhourLifestyle.com,871
InstyleLifestyle.com,1146
GemstoneLifestyle.com,1128
ValuableLifestyle.com,1389
LifestyleBoulder.com,1068
CircaLifestyle.com,1152
CompositeLifestyle.com,1199
QuarkLifestyle.com,1225
MitraLifestyle.com,587
AnalyticLifestyle.com,1172
ArsenalLifestyle.com,1152
AdviseLifestyle.com,1249
ApertureLifestyle.com,1068
SyndicateLifestyle.com,1205
FareastLifestyle.com,1064
LateralLifestyle.com,1179
RecallLifestyle.com,1188
RumbleLifestyle.com,1085
AmplifyLifestyle.com,1297
MaximaLifestyle.com,1080
WildwestLifestyle.com,1025
CyberspaceLifestyle.com,1097
MagentaLifestyle.com,1045
HilltopLifestyle.com,1053
WorkflowLifestyle.com,1067
HomerunLifestyle.com,1052
ClimaxLifestyle.com,1162
ThinktankLifestyle.com,1066
KappaLifestyle.com,1145
DeepblueLifestyle.com,986
LambdaLifestyle.com,1181
TeamworkLifestyle.com,1086
GreenworldLifestyle.com,981
ReliantLifestyle.com,1365
PitbullLifestyle.com,1044
ResponsiveLifestyle.com,1247
OctaneLifestyle.com,1156
ReactionLifestyle.com,1099
EmbassyLifestyle.com,1167
AngloLifestyle.com,1249
IllusionLifestyle.com,1056
CaratLifestyle.com,1106
LifestyleTsunami.com,1171
PatriotsLifestyle.com,1060
BasisLifestyle.com,1144
TalonLifestyle.com,1135
KnownLifestyle.com,1193
OwnersLifestyle.com,1167
FundamentalLifestyle.com,1223
LifestyleRealtime.com,1144
TitanicLifestyle.com,1104
SkynetLifestyle.com,1068
HeliumLifestyle.com,1107
CondorLifestyle.com,1184
BluelineLifestyle.com,1036
LimelightLifestyle.com,1071
BlackrockLifestyle.com,991
LifestyleCobra.com,1132
PlanetaryLifestyle.com,1336
MetropolisLifestyle.com,1013
AcumenLifestyle.com,1199
SilkroadLifestyle.com,1255
GenialLifestyle.com,1194
MagellanLifestyle.com,1139
XfactorLifestyle.com,1124
MohawkLifestyle.com,1065
FreerangeLifestyle.com,1050
GoldengateLifestyle.com,1041
KernelLifestyle.com,1170
PoeticLifestyle.com,1173
GreenlifeLifestyle.com,1048
WindmillLifestyle.com,1063
HalcyonLifestyle.com,1506
GenerateLifestyle.com,1207
CycloneLifestyle.com,1092
BootstrapLifestyle.com,1119
PeachtreeLifestyle.com,1033
LifestyleSpeedy.com,1127
LadybugLifestyle.com,1065
LifestyleTornado.com,1037
ProximityLifestyle.com,1168
AmericanaLifestyle.com,1040
ConfidenceLifestyle.com,1148
PlanetearthLifestyle.com,1055
HallmarkLifestyle.com,1067
ConsolidatedLifestyle.com,1195
EnvironLifestyle.com,1175
CamelotLifestyle.com,1033
ProtonLifestyle.com,1
CinchLifestyle.com,1153
JanusLifestyle.com,1145
ArmadaLifestyle.com,1169
GoldrushLifestyle.com,1122
AllegroLifestyle.com,1152
LifestyleKeyword.com,1117
MinorityLifestyle.com,1116
LifestyleNoble.com,1193
NeutrinoLifestyle.com,1092
AlmondLifestyle.com,1136
RoadrunnerLifestyle.com,1026
NewstarLifestyle.com,1043
PathfinderLifestyle.com,1221
SeismicLifestyle.com,1211
LifestyleMaximum.com,1242
DreamteamLifestyle.com,1034
NextdoorLifestyle.com,1054
LifestyleNitro.com,1099
SafeguardLifestyle.com,1180
CollisionLifestyle.com,1078
CatapultLifestyle.com,1115
AndesLifestyle.com,1226
RedeyeLifestyle.com,1096
ChordLifestyle.com,1306
TristarLifestyle.com,1019
CrossoverLifestyle.com,1084
CitywideLifestyle.com,1040
SenecaLifestyle.com,1061
AnnexLifestyle.com,1171
LifestyleBrilliant.com,1102
ConwayLifestyle.com,18
AvailLifestyle.com,1245
GoldmineLifestyle.com,14
UpsideLifestyle.com,1206
MoneymakerLifestyle.com,1052
SkylightLifestyle.com,1067
BlackcatLifestyle.com,977
SultanLifestyle.com,959
BlackhawkLifestyle.com,1023
FirehouseLifestyle.com,1034
CalypsoLifestyle.com,1035
EntityLifestyle.com,1210
NotionLifestyle.com,1130
AcceptLifestyle.com,1298
GreentreeLifestyle.com,633
EpsilonLifestyle.com,1135
RatioLifestyle.com,1285
CumulusLifestyle.com,1124
QualifiedLifestyle.com,1155
ProvideLifestyle.com,1355
HotshotLifestyle.com,1024
OvationLifestyle.com,1154
ArrowheadLifestyle.com,995
LucentLifestyle.com,1228
AsteriskLifestyle.com,1069
BlizzardLifestyle.com,1026
LifestyleCapitol.com,1144
SubliminalLifestyle.com,1090
FortisLifestyle.com,1233
WhiteboardLifestyle.com,980
SequenceLifestyle.com,1158
BlueboxLifestyle.com,1047
RedriverLifestyle.com,997
EarlybirdLifestyle.com,1171
NavigationLifestyle.com,1079
MorningstarLifestyle.com,1044
CountrywideLifestyle.com,1124
GalileoLifestyle.com,1098
ExternalLifestyle.com,1260
ExcaliburLifestyle.com,1215
HillsideLifestyle.com,991
AngusLifestyle.com,1047
InciteLifestyle.com,1175
TouchstoneLifestyle.com,1130
CitadelLifestyle.com,1251
OrganizationLifestyle.com,1076
RiddleLifestyle.com,1039
BonitaLifestyle.com,19
ParticleLifestyle.com,1139
MonsoonLifestyle.com,1026
GoldfishLifestyle.com,1076
DependableLifestyle.com,1229
WalnutLifestyle.com,1067
HeraldLifestyle.com,1127
MunicipalLifestyle.com,1334
OaktreeLifestyle.com,975
OnestepLifestyle.com,1025
TargetedLifestyle.com,1233
AteamLifestyle.com,1079
RedstoneLifestyle.com,954
FullmoonLifestyle.com,1025
EmperorLifestyle.com,1081
NavigateLifestyle.com,1326
AmericasbestLifestyle.com,
ValuesLifestyle.com,1117
ClarionLifestyle.com,1113
LeonardoLifestyle.com,579
PonderLifestyle.com,1126
PropellerLifestyle.com,1075
SimplexLifestyle.com,1133
AllaroundLifestyle.com,1070
LifestyleCoral.com,1293
GreenfieldLifestyle.com,967
HeronLifestyle.com,1164
PiranhaLifestyle.com,1059
PatchworkLifestyle.com,1032
RevisionLifestyle.com,1066
GreenappleLifestyle.com,1251
PragmaticLifestyle.com,1163
PartnershipLifestyle.com,1099
RedboxLifestyle.com,1111
ObsidianLifestyle.com,1135
SilverlightLifestyle.com,974
VerityLifestyle.com,1147
PointerLifestyle.com,1096
LongviewLifestyle.com,1015
SummaLifestyle.com,1170
ConverseLifestyle.com,1031
LifestyleCougar.com,1103
CyrusLifestyle.com,844
WolverineLifestyle.com,1116
StandoutLifestyle.com,1106
SingularityLifestyle.com,1125
TripodLifestyle.com,1089
TurbineLifestyle.com,1125
LifestyleAcademic.com,1187
BigboxLifestyle.com,1114
BlackdogLifestyle.com,956
ReflectLifestyle.com,1224
ForesightLifestyle.com,1109
LifestyleIntegral.com,1115
TakeawayLifestyle.com,993
SoaringLifestyle.com,1143
FlatironLifestyle.com,1109
ThornLifestyle.com,1071
LifestyleEverest.com,1083
PerceptionLifestyle.com,1090
MasterpieceLifestyle.com,1032
PentagonLifestyle.com,1136
WhitewaterLifestyle.com,1081
StokeLifestyle.com,1104
LifestyleSuperior.com,1332
ArbitrageLifestyle.com,1126
ApocalypseLifestyle.com,1047
EagleeyeLifestyle.com,805
CowgirlLifestyle.com,1179
PriorLifestyle.com,1112
DoomsdayLifestyle.com,1066
LookoutLifestyle.com,1040
VoltageLifestyle.com,1115
AcuityLifestyle.com,1220
AlphaomegaLifestyle.com,730
ProphecyLifestyle.com,1030
MaroonLifestyle.com,1158
MargaritaLifestyle.com,926
AstoriaLifestyle.com,961
BestvalueLifestyle.com,1028
ReloadLifestyle.com,1280
CorridorLifestyle.com,1176
OutrageousLifestyle.com,1056
ParkwayLifestyle.com,1049
LifestyleAtomic.com,1166
UpstartLifestyle.com,1105
SphinxLifestyle.com,1116
CorpusLifestyle.com,1176
ForrestLifestyle.com,893
RedzoneLifestyle.com,17
LifestyleSmooth.com,1381
ConstellationLifestyle.com,1086
SidewalkLifestyle.com,1082
TierraLifestyle.com,1038
MakersLifestyle.com,1208
FreshwaterLifestyle.com,1092
UnisonLifestyle.com,1096
CerebralLifestyle.com,1251
HoneybeeLifestyle.com,963
LifestyleLeading.com,1270
SpeedwayLifestyle.com,15
BayviewLifestyle.com,1041
AvantgardeLifestyle.com,956
GridironLifestyle.com,1142
RainydayLifestyle.com,1062
FatcatLifestyle.com,986
IridiumLifestyle.com,1169
ApricotLifestyle.com,1093
ContinuousLifestyle.com,1227
ArgosLifestyle.com,1117
AlbionLifestyle.com,1058
PictureperfectLifestyle.com,921
CaesarLifestyle.com,1049
NorthsideLifestyle.com,1051
GoldmanLifestyle.com,1106
SweetwaterLifestyle.com,983
QuillLifestyle.com,1044
LifestyleHyper.com,1217
OspreyLifestyle.com,1105
CadenceLifestyle.com,1438
DiscreteLifestyle.com,1197
NotableLifestyle.com,1135
GuidanceLifestyle.com,1104
LifestylePortable.com,1176
RenewalLifestyle.com,1108
AltusLifestyle.com,1104
ConceptualLifestyle.com,1158
TidewaterLifestyle.com,1048
AcclaimLifestyle.com,1109
OntargetLifestyle.com,1099
HighlandsLifestyle.com,1087
SpringboardLifestyle.com,1015
ToucanLifestyle.com,1330
BattlefieldLifestyle.com,960
AccelerateLifestyle.com,1164
PresenceLifestyle.com,1057
UpfrontLifestyle.com,1182
StylusLifestyle.com,1093
TitansLifestyle.com,1086
DepthLifestyle.com,1233
NewlineLifestyle.com,1051
BluegreenLifestyle.com,1301
PageoneLifestyle.com,945
OnairLifestyle.com,815
MapleleafLifestyle.com,1040
RedskyLifestyle.com,1056
RadixLifestyle.com,1163
LifestyleRadical.com,1205
CalvaryLifestyle.com,1018
AchievementLifestyle.com,1091
FlagstaffLifestyle.com,938
GreenlineLifestyle.com,994
InceptionLifestyle.com,1091
OutoftheboxLifestyle.com,
SilverstarLifestyle.com,958
AskmeLifestyle.com,1105
CranberryLifestyle.com,1021
BluemountainLifestyle.com,944
NucleusLifestyle.com,1154
GryphonLifestyle.com,1132
WellspringLifestyle.com,1069
BlacktieLifestyle.com,998
ConnectorLifestyle.com,1160
EntourageLifestyle.com,1059
ComprehensiveLifestyle.com,1283
DefenderLifestyle.com,1123
SeminoleLifestyle.com,999
RealizeLifestyle.com,1247
UnderdogLifestyle.com,1209
BrightstarLifestyle.com,963
ExeterLifestyle.com,18
RosettaLifestyle.com,1015
BetterworldLifestyle.com,770
SalientLifestyle.com,1181
RemarkLifestyle.com,1125
GametimeLifestyle.com,1139
PeaceloveLifestyle.com,1047
WingmanLifestyle.com,1061
CentralparkLifestyle.com,1128
BedrockLifestyle.com,1117
JustrightLifestyle.com,621
SyntaxLifestyle.com,1112
BarracudaLifestyle.com,1063
RecommendedLifestyle.com,1075
PatrioticLifestyle.com,1083
LifestyleExcellent.com,1138
HorizonsLifestyle.com,1092
ReactorLifestyle.com,1167
ReflectionLifestyle.com,1026
PolygonLifestyle.com,1103
PeregrineLifestyle.com,1155
FellowshipLifestyle.com,1050
RockwellLifestyle.com,1023
IntegrateLifestyle.com,1164
TouchpointLifestyle.com,878
RiverbendLifestyle.com,1015
RecognitionLifestyle.com,1098
LifestyleCitrus.com,1137
ParachuteLifestyle.com,1094
PatrolLifestyle.com,1166
TopratedLifestyle.com,1131
WorryfreeLifestyle.com,996
RegisLifestyle.com,1095
FathomLifestyle.com,1149
RacecarLifestyle.com,1037
StructuralLifestyle.com,1175
BoardroomLifestyle.com,1131
LifestyleJaguar.com,1066
HexagonLifestyle.com,1184
InfernoLifestyle.com,18
VenturesLifestyle.com,1152
WolfpackLifestyle.com,742
InsightsLifestyle.com,1161
HighcountryLifestyle.com,1149
TraverseLifestyle.com,999
SnipeLifestyle.com,1141
OffsetLifestyle.com,1146
BlackholeLifestyle.com,754
RoadsideLifestyle.com,1065
DatumLifestyle.com,964
SnowflakeLifestyle.com,956
MicronLifestyle.com,1081
KaboomLifestyle.com,1169
MantisLifestyle.com,1109
AnalyticalLifestyle.com,1239
BluemarbleLifestyle.com,887
PrudentialLifestyle.com,1210
JarvisLifestyle.com,993
EnvoyLifestyle.com,1198
LifestyleExact.com,1194
NextwaveLifestyle.com,1059
ConvergentLifestyle.com,1170
VibrationLifestyle.com,1059
BobcatLifestyle.com,1022
OverseaLifestyle.com,1205
SystematicLifestyle.com,1189
ViewpointLifestyle.com,1068
SylvanLifestyle.com,996
ReflectiveLifestyle.com,1158
QuasiLifestyle.com,1158
HighlineLifestyle.com,1040
CheckpointLifestyle.com,1042
CalibreLifestyle.com,1163
ThunderboltLifestyle.com,1042
SilverlakeLifestyle.com,1015
BluefishLifestyle.com,1015
InnercircleLifestyle.com,1293
HometeamLifestyle.com,1037
CountdownLifestyle.com,1050
LifestyleFinest.com,1221
MaddogLifestyle.com,978
PlaytimeLifestyle.com,1015
LifecycleLifestyle.com,1058
LifestyleEternal.com,1165
DarksideLifestyle.com,1053
ReddogLifestyle.com,16
CoastlineLifestyle.com,1096
RedappleLifestyle.com,1020
BangbangLifestyle.com,948
SimulationLifestyle.com,1089
CreeksideLifestyle.com,1034
ArgonLifestyle.com,1166
NorthpointLifestyle.com,974
BluediamondLifestyle.com,1053
ReddoorLifestyle.com,964
SweethomeLifestyle.com,1088
ProlineLifestyle.com,1094
KeynoteLifestyle.com,1027
SidelineLifestyle.com,1127
LifestylePromotional.com,1135
WindwardLifestyle.com,1123
ThamesLifestyle.com,1145
RoundtableLifestyle.com,1126
LifestyleAbsolute.com,1158
MariettaLifestyle.com,929
DistributedLifestyle.com,1316
TerrainLifestyle.com,1096
ResonanceLifestyle.com,1098
RightbrainLifestyle.com,831
RightwayLifestyle.com,1137
FinelineLifestyle.com,1015
OnemanLifestyle.com,1123
OptimizationLifestyle.com,1
FourstarLifestyle.com,1023
BluestoneLifestyle.com,1050
BlackboardLifestyle.com,1055
CortexLifestyle.com,1230
BigideaLifestyle.com,946
WatershedLifestyle.com,1068
TouchdownLifestyle.com,1076
FullspectrumLifestyle.com,999
GoliathLifestyle.com,1049
ExpediteLifestyle.com,1071
NewhouseLifestyle.com,1013
BluedotLifestyle.com,1027
GrasshopperLifestyle.com,1022
SpitfireLifestyle.com,18
ExplorationLifestyle.com,1104
DarkhorseLifestyle.com,1023
RobinhoodLifestyle.com,856
ThreesixtyLifestyle.com,698
PanaceaLifestyle.com,1369
PoseidonLifestyle.com,1085
StraightupLifestyle.com,703
NemesisLifestyle.com,1059
AndromedaLifestyle.com,1018
YourchoiceLifestyle.com,1279
SableLifestyle.com,1133
VigilantLifestyle.com,1176
ReddragonLifestyle.com,1014
BritanniaLifestyle.com,1064
TemplarLifestyle.com,912
RedhatLifestyle.com,1093
ReliabilityLifestyle.com,1068
NorthcountryLifestyle.com,1101
PolarbearLifestyle.com,826
FirstrateLifestyle.com,1042
ProteusLifestyle.com,1123
TurnaroundLifestyle.com,1073
QuicksilverLifestyle.com,1059
GoodwinLifestyle.com,1035
SunrayLifestyle.com,1163
EdgewaterLifestyle.com,1024
MayhemLifestyle.com,1056
WhitehatLifestyle.com,916
AxionLifestyle.com,864
StarboardLifestyle.com,1156
OrchestraLifestyle.com,1030
MaximoLifestyle.com,783
MarcopoloLifestyle.com,714
UpcomingLifestyle.com,1222
HeadwayLifestyle.com,1053
WestgateLifestyle.com,1285
ConsiderLifestyle.com,1205
ProficientLifestyle.com,1131
BlackbearLifestyle.com,963
LifestyleOptimal.com,1226
AmicusLifestyle.com,1177
LaunchpadLifestyle.com,1066
GreenboxLifestyle.com,1036
NavajoLifestyle.com,1055
TownsendLifestyle.com,985
SafewayLifestyle.com,1091
FlashpointLifestyle.com,1088
CheckmateLifestyle.com,1045
SpringhillLifestyle.com,1012
SurfsideLifestyle.com,12
BeginnerLifestyle.com,1044
RisingsunLifestyle.com,1414
NewhorizonLifestyle.com,673
RelicLifestyle.com,1080
StingrayLifestyle.com,1064
ZeropointLifestyle.com,792
EquatorLifestyle.com,1204
BlackpearlLifestyle.com,966
PacificrimLifestyle.com,909
PayneLifestyle.com,974
DracoLifestyle.com,1096
WildcardLifestyle.com,1018
MatadorLifestyle.com,1081
CreativedesignLifestyle.com,866
OurtownLifestyle.com,990
CapacityLifestyle.com,1187
AllseasonsLifestyle.com,938
GradientLifestyle.com,1413
SunstarLifestyle.com,1073
StarwoodLifestyle.com,1156
BlackwaterLifestyle.com,959
VariableLifestyle.com,1311
ParkplaceLifestyle.com,931
ReservoirLifestyle.com,1049
ContrastLifestyle.com,1087
OutputLifestyle.com,1122
QuorumLifestyle.com,1242
SequelLifestyle.com,1158
BrainwaveLifestyle.com,1083
LifestylePrimary.com,1122
BluejayLifestyle.com,814
TruelifeLifestyle.com,1109
DeuceLifestyle.com,1087
DeadlineLifestyle.com,1065
AcrylicLifestyle.com,1089
DoubledLifestyle.com,1088
PomegranateLifestyle.com,1233
ResonantLifestyle.com,1155
ToplevelLifestyle.com,1078
HighvoltageLifestyle.com,1021
ForefrontLifestyle.com,1181
PeaceofmindLifestyle.com,550
HappylifeLifestyle.com,19
TerraceLifestyle.com,1042
PerimeterLifestyle.com,1108
GreenpointLifestyle.com,19
WelldoneLifestyle.com,910
CarriageLifestyle.com,988
GreenthumbLifestyle.com,11
SunburstLifestyle.com,1034
RisingstarLifestyle.com,934
ThresholdLifestyle.com,1112
ConserveLifestyle.com,1147
AffiliatedLifestyle.com,1090
OsirisLifestyle.com,1050
IngameLifestyle.com,1119
InnercityLifestyle.com,1078
AxialLifestyle.com,1280
SafeharborLifestyle.com,1022
StrikingLifestyle.com,1131
HardhatLifestyle.com,991
BigstarLifestyle.com,1020
CrossroadLifestyle.com,1016
CandorLifestyle.com,1459
PowerlineLifestyle.com,546
MatchboxLifestyle.com,1067
FirstplaceLifestyle.com,635
EasystreetLifestyle.com,1030
MountaintopLifestyle.com,639
LifestyleSierra.com,1132
ElementaryLifestyle.com,1061
GreenstreetLifestyle.com,14
JunkyardLifestyle.com,1040
BlackburnLifestyle.com,927
StreetwiseLifestyle.com,1010
InertiaLifestyle.com,1067
FlashbackLifestyle.com,1015
HighlanderLifestyle.com,930
DaystarLifestyle.com,1098
WhiteboxLifestyle.com,953
EasywayLifestyle.com,1140
PowerplayLifestyle.com,1052
CentaurLifestyle.com,942
ApproachLifestyle.com,1256
SapientLifestyle.com,1144
TalismanLifestyle.com,1019
PinetreeLifestyle.com,958
GoldenruleLifestyle.com,1089
KelvinLifestyle.com,749
StarshipLifestyle.com,1062
SolidrockLifestyle.com,13
SeashoreLifestyle.com,1105
ThunderbirdLifestyle.com,16
RevereLifestyle.com,18
SundialLifestyle.com,1079
DreamcatcherLifestyle.com,1016
PascalLifestyle.com,907
TopchoiceLifestyle.com,710
StonewallLifestyle.com,1023
NightingaleLifestyle.com,857
SenatorLifestyle.com,1045
NorthfieldLifestyle.com,934
FocalpointLifestyle.com,693
BrickhouseLifestyle.com,821
IronhorseLifestyle.com,1038
AmbianceLifestyle.com,1192
FormosaLifestyle.com,1045
TestdriveLifestyle.com,1041
SenateLifestyle.com,1052
BlackopsLifestyle.com,1011
ProstarLifestyle.com,1037
NorthpoleLifestyle.com,992
FissionLifestyle.com,1111
HedgehogLifestyle.com,1068
FirstcallLifestyle.com,978
BlackwellLifestyle.com,963
ReflectionsLifestyle.com,1016
TowersLifestyle.com,1125
